1,Wed Oct 05 11:37:22 SGT 2022,Wed Oct 05 11:37:22 SGT 2022,Wed Oct 05 11:37:22 SGT 2022@gmail.com
2,Wed Oct 05 11:37:22 SGT 2022,Wed Oct 05 11:37:22 SGT 2022,Wed Oct 05 11:37:22 SGT 2022@gmail.com
3,Wed Oct 05 11:37:22 SGT 2022,Wed Oct 05 11:37:22 SGT 2022,Wed Oct 05 11:37:22 SGT 2022@gmail.com
4,Wed Oct 05 11:37:22 SGT 2022,Wed Oct 05 11:37:22 SGT 2022,Wed Oct 05 11:37:22 SGT 2022@gmail.com
5,Wed Oct 05 11:37:22 SGT 2022,Wed Oct 05 11:37:22 SGT 2022,Wed Oct 05 11:37:22 SGT 2022@gmail.com
6,Wed Oct 05 11:37:22 SGT 2022,Wed Oct 05 11:37:22 SGT 2022,Wed Oct 05 11:37:22 SGT 2022@gmail.com
7,Wed Oct 05 11:37:22 SGT 2022,Wed Oct 05 11:37:22 SGT 2022,Wed Oct 05 11:37:22 SGT 2022@gmail.com
8,Wed Oct 05 11:37:22 SGT 2022,Wed Oct 05 11:37:22 SGT 2022,Wed Oct 05 11:37:22 SGT 2022@gmail.com
9,Wed Oct 05 11:37:22 SGT 2022,Wed Oct 05 11:37:22 SGT 2022,Wed Oct 05 11:37:22 SGT 2022@gmail.com
10,Wed Oct 05 11:37:22 SGT 2022,Wed Oct 05 11:37:22 SGT 2022,Wed Oct 05 11:37:22 SGT 2022@gmail.com
11,Wed Oct 05 11:37:22 SGT 2022,Wed Oct 05 11:37:22 SGT 2022,Wed Oct 05 11:37:22 SGT 2022@gmail.com
12,Wed Oct 05 11:37:22 SGT 2022,Wed Oct 05 11:37:22 SGT 2022,Wed Oct 05 11:37:22 SGT 2022@gmail.com
13,Wed Oct 05 11:37:22 SGT 2022,Wed Oct 05 11:37:22 SGT 2022,Wed Oct 05 11:37:22 SGT 2022@gmail.com
14,Wed Oct 05 11:37:22 SGT 2022,Wed Oct 05 11:37:22 SGT 2022,Wed Oct 05 11:37:22 SGT 2022@gmail.com
15,Wed Oct 05 11:37:22 SGT 2022,Wed Oct 05 11:37:22 SGT 2022,Wed Oct 05 11:37:22 SGT 2022@gmail.com
16,Wed Oct 05 11:37:22 SGT 2022,Wed Oct 05 11:37:22 SGT 2022,Wed Oct 05 11:37:22 SGT 2022@gmail.com
17,Wed Oct 05 11:37:22 SGT 2022,Wed Oct 05 11:37:22 SGT 2022,Wed Oct 05 11:37:22 SGT 2022@gmail.com
18,Wed Oct 05 11:37:22 SGT 2022,Wed Oct 05 11:37:22 SGT 2022,Wed Oct 05 11:37:22 SGT 2022@gmail.com
19,Wed Oct 05 11:37:22 SGT 2022,Wed Oct 05 11:37:22 SGT 2022,Wed Oct 05 11:37:22 SGT 2022@gmail.com
20,Wed Oct 05 11:37:22 SGT 2022,Wed Oct 05 11:37:22 SGT 2022,Wed Oct 05 11:37:22 SGT 2022@gmail.com
21,Wed Oct 05 11:37:22 SGT 2022,Wed Oct 05 11:37:22 SGT 2022,Wed Oct 05 11:37:22 SGT 2022@gmail.com
22,Wed Oct 05 11:37:22 SGT 2022,Wed Oct 05 11:37:22 SGT 2022,Wed Oct 05 11:37:22 SGT 2022@gmail.com
23,Wed Oct 05 11:37:22 SGT 2022,Wed Oct 05 11:37:22 SGT 2022,Wed Oct 05 11:37:22 SGT 2022@gmail.com
24,Wed Oct 05 11:37:22 SGT 2022,Wed Oct 05 11:37:22 SGT 2022,Wed Oct 05 11:37:22 SGT 2022@gmail.com
25,Wed Oct 05 11:37:22 SGT 2022,Wed Oct 05 11:37:22 SGT 2022,Wed Oct 05 11:37:22 SGT 2022@gmail.com
26,Wed Oct 05 11:37:22 SGT 2022,Wed Oct 05 11:37:22 SGT 2022,Wed Oct 05 11:37:22 SGT 2022@gmail.com
27,Wed Oct 05 11:37:22 SGT 2022,Wed Oct 05 11:37:22 SGT 2022,Wed Oct 05 11:37:22 SGT 2022@gmail.com
28,Wed Oct 05 11:37:22 SGT 2022,Wed Oct 05 11:37:22 SGT 2022,Wed Oct 05 11:37:22 SGT 2022@gmail.com
29,Wed Oct 05 11:37:22 SGT 2022,Wed Oct 05 11:37:22 SGT 2022,Wed Oct 05 11:37:22 SGT 2022@gmail.com
30,Wed Oct 05 11:37:22 SGT 2022,Wed Oct 05 11:37:22 SGT 2022,Wed Oct 05 11:37:22 SGT 2022@gmail.com
31,Wed Oct 05 11:37:22 SGT 2022,Wed Oct 05 11:37:22 SGT 2022,Wed Oct 05 11:37:22 SGT 2022@gmail.com
32,Wed Oct 05 11:37:22 SGT 2022,Wed Oct 05 11:37:22 SGT 2022,Wed Oct 05 11:37:22 SGT 2022@gmail.com
33,Wed Oct 05 11:37:22 SGT 2022,Wed Oct 05 11:37:22 SGT 2022,Wed Oct 05 11:37:22 SGT 2022@gmail.com
34,Wed Oct 05 11:37:22 SGT 2022,Wed Oct 05 11:37:22 SGT 2022,Wed Oct 05 11:37:22 SGT 2022@gmail.com
35,Wed Oct 05 11:37:22 SGT 2022,Wed Oct 05 11:37:22 SGT 2022,Wed Oct 05 11:37:22 SGT 2022@gmail.com
36,Wed Oct 05 11:37:22 SGT 2022,Wed Oct 05 11:37:22 SGT 2022,Wed Oct 05 11:37:22 SGT 2022@gmail.com
37,Wed Oct 05 11:37:22 SGT 2022,Wed Oct 05 11:37:22 SGT 2022,Wed Oct 05 11:37:22 SGT 2022@gmail.com
38,Wed Oct 05 11:37:22 SGT 2022,Wed Oct 05 11:37:22 SGT 2022,Wed Oct 05 11:37:22 SGT 2022@gmail.com
39,Wed Oct 05 11:37:22 SGT 2022,Wed Oct 05 11:37:22 SGT 2022,Wed Oct 05 11:37:22 SGT 2022@gmail.com
40,Wed Oct 05 11:37:22 SGT 2022,Wed Oct 05 11:37:22 SGT 2022,Wed Oct 05 11:37:22 SGT 2022@gmail.com
41,Wed Oct 05 11:37:22 SGT 2022,Wed Oct 05 11:37:22 SGT 2022,Wed Oct 05 11:37:22 SGT 2022@gmail.com
42,Wed Oct 05 11:37:22 SGT 2022,Wed Oct 05 11:37:22 SGT 2022,Wed Oct 05 11:37:22 SGT 2022@gmail.com
43,Wed Oct 05 11:37:22 SGT 2022,Wed Oct 05 11:37:22 SGT 2022,Wed Oct 05 11:37:22 SGT 2022@gmail.com
44,Wed Oct 05 11:37:22 SGT 2022,Wed Oct 05 11:37:22 SGT 2022,Wed Oct 05 11:37:22 SGT 2022@gmail.com
45,Wed Oct 05 11:37:22 SGT 2022,Wed Oct 05 11:37:22 SGT 2022,Wed Oct 05 11:37:22 SGT 2022@gmail.com
46,Wed Oct 05 11:37:22 SGT 2022,Wed Oct 05 11:37:22 SGT 2022,Wed Oct 05 11:37:22 SGT 2022@gmail.com
47,Wed Oct 05 11:37:22 SGT 2022,Wed Oct 05 11:37:22 SGT 2022,Wed Oct 05 11:37:22 SGT 2022@gmail.com
48,Wed Oct 05 11:37:22 SGT 2022,Wed Oct 05 11:37:22 SGT 2022,Wed Oct 05 11:37:22 SGT 2022@gmail.com
49,Wed Oct 05 11:37:22 SGT 2022,Wed Oct 05 11:37:22 SGT 2022,Wed Oct 05 11:37:22 SGT 2022@gmail.com
50,Wed Oct 05 11:37:22 SGT 2022,Wed Oct 05 11:37:22 SGT 2022,Wed Oct 05 11:37:22 SGT 2022@gmail.com
51,Wed Oct 05 11:37:22 SGT 2022,Wed Oct 05 11:37:22 SGT 2022,Wed Oct 05 11:37:22 SGT 2022@gmail.com
52,Wed Oct 05 11:37:22 SGT 2022,Wed Oct 05 11:37:22 SGT 2022,Wed Oct 05 11:37:22 SGT 2022@gmail.com
53,Wed Oct 05 11:37:22 SGT 2022,Wed Oct 05 11:37:22 SGT 2022,Wed Oct 05 11:37:22 SGT 2022@gmail.com
54,Wed Oct 05 11:37:22 SGT 2022,Wed Oct 05 11:37:22 SGT 2022,Wed Oct 05 11:37:22 SGT 2022@gmail.com
55,Wed Oct 05 11:37:22 SGT 2022,Wed Oct 05 11:37:22 SGT 2022,Wed Oct 05 11:37:22 SGT 2022@gmail.com
56,Wed Oct 05 11:37:22 SGT 2022,Wed Oct 05 11:37:22 SGT 2022,Wed Oct 05 11:37:22 SGT 2022@gmail.com
57,Wed Oct 05 11:37:22 SGT 2022,Wed Oct 05 11:37:22 SGT 2022,Wed Oct 05 11:37:22 SGT 2022@gmail.com
58,Wed Oct 05 11:37:22 SGT 2022,Wed Oct 05 11:37:22 SGT 2022,Wed Oct 05 11:37:22 SGT 2022@gmail.com
59,Wed Oct 05 11:37:22 SGT 2022,Wed Oct 05 11:37:22 SGT 2022,Wed Oct 05 11:37:22 SGT 2022@gmail.com
60,Wed Oct 05 11:37:22 SGT 2022,Wed Oct 05 11:37:22 SGT 2022,Wed Oct 05 11:37:22 SGT 2022@gmail.com
61,Wed Oct 05 11:37:22 SGT 2022,Wed Oct 05 11:37:22 SGT 2022,Wed Oct 05 11:37:22 SGT 2022@gmail.com
62,Wed Oct 05 11:37:22 SGT 2022,Wed Oct 05 11:37:22 SGT 2022,Wed Oct 05 11:37:22 SGT 2022@gmail.com
63,Wed Oct 05 11:37:22 SGT 2022,Wed Oct 05 11:37:22 SGT 2022,Wed Oct 05 11:37:22 SGT 2022@gmail.com
64,Wed Oct 05 11:37:22 SGT 2022,Wed Oct 05 11:37:22 SGT 2022,Wed Oct 05 11:37:22 SGT 2022@gmail.com
65,Wed Oct 05 11:37:22 SGT 2022,Wed Oct 05 11:37:22 SGT 2022,Wed Oct 05 11:37:22 SGT 2022@gmail.com
66,Wed Oct 05 11:37:22 SGT 2022,Wed Oct 05 11:37:22 SGT 2022,Wed Oct 05 11:37:22 SGT 2022@gmail.com
67,Wed Oct 05 11:37:22 SGT 2022,Wed Oct 05 11:37:22 SGT 2022,Wed Oct 05 11:37:22 SGT 2022@gmail.com
68,Wed Oct 05 11:37:22 SGT 2022,Wed Oct 05 11:37:22 SGT 2022,Wed Oct 05 11:37:22 SGT 2022@gmail.com
69,Wed Oct 05 11:37:22 SGT 2022,Wed Oct 05 11:37:22 SGT 2022,Wed Oct 05 11:37:22 SGT 2022@gmail.com
70,Wed Oct 05 11:37:22 SGT 2022,Wed Oct 05 11:37:22 SGT 2022,Wed Oct 05 11:37:22 SGT 2022@gmail.com
71,Wed Oct 05 11:37:22 SGT 2022,Wed Oct 05 11:37:22 SGT 2022,Wed Oct 05 11:37:22 SGT 2022@gmail.com
72,Wed Oct 05 11:37:22 SGT 2022,Wed Oct 05 11:37:22 SGT 2022,Wed Oct 05 11:37:22 SGT 2022@gmail.com
73,Wed Oct 05 11:37:22 SGT 2022,Wed Oct 05 11:37:22 SGT 2022,Wed Oct 05 11:37:22 SGT 2022@gmail.com
74,Wed Oct 05 11:37:22 SGT 2022,Wed Oct 05 11:37:22 SGT 2022,Wed Oct 05 11:37:22 SGT 2022@gmail.com
75,Wed Oct 05 11:37:22 SGT 2022,Wed Oct 05 11:37:22 SGT 2022,Wed Oct 05 11:37:22 SGT 2022@gmail.com
76,Wed Oct 05 11:37:22 SGT 2022,Wed Oct 05 11:37:22 SGT 2022,Wed Oct 05 11:37:22 SGT 2022@gmail.com
77,Wed Oct 05 11:37:22 SGT 2022,Wed Oct 05 11:37:22 SGT 2022,Wed Oct 05 11:37:22 SGT 2022@gmail.com
78,Wed Oct 05 11:37:22 SGT 2022,Wed Oct 05 11:37:22 SGT 2022,Wed Oct 05 11:37:22 SGT 2022@gmail.com
79,Wed Oct 05 11:37:22 SGT 2022,Wed Oct 05 11:37:22 SGT 2022,Wed Oct 05 11:37:22 SGT 2022@gmail.com
80,Wed Oct 05 11:37:22 SGT 2022,Wed Oct 05 11:37:22 SGT 2022,Wed Oct 05 11:37:22 SGT 2022@gmail.com
81,Wed Oct 05 11:37:22 SGT 2022,Wed Oct 05 11:37:22 SGT 2022,Wed Oct 05 11:37:22 SGT 2022@gmail.com
82,Wed Oct 05 11:37:22 SGT 2022,Wed Oct 05 11:37:22 SGT 2022,Wed Oct 05 11:37:22 SGT 2022@gmail.com
83,Wed Oct 05 11:37:22 SGT 2022,Wed Oct 05 11:37:22 SGT 2022,Wed Oct 05 11:37:22 SGT 2022@gmail.com
84,Wed Oct 05 11:37:22 SGT 2022,Wed Oct 05 11:37:22 SGT 2022,Wed Oct 05 11:37:22 SGT 2022@gmail.com
85,Wed Oct 05 11:37:22 SGT 2022,Wed Oct 05 11:37:22 SGT 2022,Wed Oct 05 11:37:22 SGT 2022@gmail.com
86,Wed Oct 05 11:37:22 SGT 2022,Wed Oct 05 11:37:22 SGT 2022,Wed Oct 05 11:37:22 SGT 2022@gmail.com
87,Wed Oct 05 11:37:22 SGT 2022,Wed Oct 05 11:37:22 SGT 2022,Wed Oct 05 11:37:22 SGT 2022@gmail.com
88,Wed Oct 05 11:37:22 SGT 2022,Wed Oct 05 11:37:22 SGT 2022,Wed Oct 05 11:37:22 SGT 2022@gmail.com
89,Wed Oct 05 11:37:22 SGT 2022,Wed Oct 05 11:37:22 SGT 2022,Wed Oct 05 11:37:22 SGT 2022@gmail.com
90,Wed Oct 05 11:37:22 SGT 2022,Wed Oct 05 11:37:22 SGT 2022,Wed Oct 05 11:37:22 SGT 2022@gmail.com
91,Wed Oct 05 11:37:22 SGT 2022,Wed Oct 05 11:37:22 SGT 2022,Wed Oct 05 11:37:22 SGT 2022@gmail.com
92,Wed Oct 05 11:37:22 SGT 2022,Wed Oct 05 11:37:22 SGT 2022,Wed Oct 05 11:37:22 SGT 2022@gmail.com
93,Wed Oct 05 11:37:22 SGT 2022,Wed Oct 05 11:37:22 SGT 2022,Wed Oct 05 11:37:22 SGT 2022@gmail.com
94,Wed Oct 05 11:37:22 SGT 2022,Wed Oct 05 11:37:22 SGT 2022,Wed Oct 05 11:37:22 SGT 2022@gmail.com
95,Wed Oct 05 11:37:22 SGT 2022,Wed Oct 05 11:37:22 SGT 2022,Wed Oct 05 11:37:22 SGT 2022@gmail.com
96,Wed Oct 05 11:37:22 SGT 2022,Wed Oct 05 11:37:22 SGT 2022,Wed Oct 05 11:37:22 SGT 2022@gmail.com
97,Wed Oct 05 11:37:22 SGT 2022,Wed Oct 05 11:37:22 SGT 2022,Wed Oct 05 11:37:22 SGT 2022@gmail.com
98,Wed Oct 05 11:37:22 SGT 2022,Wed Oct 05 11:37:22 SGT 2022,Wed Oct 05 11:37:22 SGT 2022@gmail.com
99,Wed Oct 05 11:37:22 SGT 2022,Wed Oct 05 11:37:22 SGT 2022,Wed Oct 05 11:37:22 SGT 2022@gmail.com
100,Wed Oct 05 11:37:22 SGT 2022,Wed Oct 05 11:37:22 SGT 2022,Wed Oct 05 11:37:22 SGT 2022@gmail.com
